{
  "linear_gate": {
    "accuracy": 1.0,
    "best_C": [
      0.005994842503189409,
      0.005994842503189409,
      0.005994842503189409,
      0.005994842503189409,
      0.005994842503189409,
      0.005994842503189409
    ],
    "per_class_accuracy": {
      "arc_challenge": 1.0,
      "gsm8k": 1.0,
      "humaneval": 1.0,
      "math": 1.0,
      "mmlu": 1.0,
      "triviaqa": 1.0
    },
    "confusion_matrix": [
      [
        40,
        0,
        0,
        0,
        0,
        0
      ],
      [
        0,
        40,
        0,
        0,
        0,
        0
      ],
      [
        0,
        0,
        33,
        0,
        0,
        0
      ],
      [
        0,
        0,
        0,
        40,
        0,
        0
      ],
      [
        0,
        0,
        0,
        0,
        40,
        0
      ],
      [
        0,
        0,
        0,
        0,
        0,
        40
      ]
    ],
    "classes": [
      "arc_challenge",
      "gsm8k",
      "humaneval",
      "math",
      "mmlu",
      "triviaqa"
    ]
  },
  "vecstat": {
    "accuracy": 1.0
  },
  "normstat": {
    "accuracy": 0.5965665236051502
  },
  "test_size": 233,
  "train_size": 931,
  "seed": 42
}