{
  "auroc": 0.9625,
  "ece": 0.13547,
  "selective_accuracy_50": 0.777778,
  "n_train": 82,
  "n_val": 18,
  "layer": 25,
  "timestamp": "2026-05-27T12:04:52.009574+00:00"
}