{
  "signal_names": [
    "probe_A",
    "probe_B",
    "msp",
    "entropy"
  ],
  "correlation_matrix": [
    [
      1.0,
      0.9329248601898634,
      0.43562262743322955,
      -0.4159591935311786
    ],
    [
      0.9329248601898634,
      1.0,
      0.35956628572380733,
      -0.3397010990216029
    ],
    [
      0.43562262743322955,
      0.35956628572380733,
      1.0,
      -0.9965496192113786
    ],
    [
      -0.4159591935311786,
      -0.3397010990216029,
      -0.9965496192113786,
      0.9999999999999998
    ]
  ],
  "collinearity_flags": [
    {
      "pair": [
        "msp",
        "entropy"
      ],
      "correlation": -0.99655
    }
  ],
  "n_samples": 100,
  "timestamp": "2026-05-27T12:17:55.190190+00:00"
}