{
  "mmlu\u2192mmlu": {
    "status": "completed",
    "train_benchmark": "mmlu",
    "test_benchmark": "mmlu",
    "n_total": 200,
    "n_cal": 60,
    "n_eval": 140,
    "auroc_raw": 0.847499439336174,
    "brier_raw": 0.1570206520660705,
    "ece_raw": 0.07011135639278876,
    "auroc_platt": 0.847499439336174,
    "brier_platt": 0.15983119193615186,
    "ece_platt": 0.08978473845972652
  },
  "mmlu\u2192gsm8k": {
    "status": "completed",
    "train_benchmark": "mmlu",
    "test_benchmark": "gsm8k",
    "n_total": 200,
    "n_cal": 60,
    "n_eval": 140,
    "auroc_raw": 0.7303543913713405,
    "brier_raw": 0.20663956198494554,
    "ece_raw": 0.2776411117226534,
    "auroc_platt": 0.7303543913713405,
    "brier_platt": 0.13661374511308383,
    "ece_platt": 0.08995274860847702
  },
  "mmlu\u2192math": {
    "status": "completed",
    "train_benchmark": "mmlu",
    "test_benchmark": "math",
    "n_total": 200,
    "n_cal": 60,
    "n_eval": 140,
    "auroc_raw": 0.7692467316870721,
    "brier_raw": 0.23261262220215084,
    "ece_raw": 0.05488985163039041,
    "auroc_platt": 0.7692467316870721,
    "brier_platt": 0.19938254574607242,
    "ece_platt": 0.08434556401126844
  },
  "mmlu\u2192humaneval": {
    "status": "completed",
    "train_benchmark": "mmlu",
    "test_benchmark": "humaneval",
    "n_total": 164,
    "n_cal": 49,
    "n_eval": 115,
    "auroc_raw": 0.7047908232118759,
    "brier_raw": 0.22530384028618886,
    "ece_raw": 0.16475663527978418,
    "auroc_platt": 0.7047908232118759,
    "brier_platt": 0.19883373265811702,
    "ece_platt": 0.05148793595797804
  },
  "mmlu\u2192arc_challenge": {
    "status": "completed",
    "train_benchmark": "mmlu",
    "test_benchmark": "arc_challenge",
    "n_total": 200,
    "n_cal": 60,
    "n_eval": 140,
    "auroc_raw": 0.8134463961235614,
    "brier_raw": 0.06656478763568234,
    "ece_raw": 0.03236159671715973,
    "auroc_platt": 0.8134463961235614,
    "brier_platt": 0.06436915423569112,
    "ece_platt": 0.04737554024172504
  },
  "mmlu\u2192triviaqa": {
    "status": "completed",
    "train_benchmark": "mmlu",
    "test_benchmark": "triviaqa",
    "n_total": 200,
    "n_cal": 60,
    "n_eval": 140,
    "auroc_raw": 0.6528888888888887,
    "brier_raw": 0.3643390161778569,
    "ece_raw": 0.3861438143769642,
    "auroc_platt": 0.6528888888888887,
    "brier_platt": 0.218253915035402,
    "ece_platt": 0.06149771745663313
  },
  "gsm8k\u2192mmlu": {
    "status": "completed",
    "train_benchmark": "gsm8k",
    "test_benchmark": "mmlu",
    "n_total": 200,
    "n_cal": 60,
    "n_eval": 140,
    "auroc_raw": 0.6028257456828885,
    "brier_raw": 0.2570916304660652,
    "ece_raw": 0.1720782388629668,
    "auroc_platt": 0.6028257456828885,
    "brier_platt": 0.22999318985991454,
    "ece_platt": 0.06139468095492179
  },
  "gsm8k\u2192gsm8k": {
    "status": "completed",
    "train_benchmark": "gsm8k",
    "test_benchmark": "gsm8k",
    "n_total": 200,
    "n_cal": 60,
    "n_eval": 140,
    "auroc_raw": 0.802773497688752,
    "brier_raw": 0.13281924326232278,
    "ece_raw": 0.021414430195364265,
    "auroc_platt": 0.802773497688752,
    "brier_platt": 0.11872032127526216,
    "ece_platt": 0.10789490351738398
  },
  "gsm8k\u2192math": {
    "status": "completed",
    "train_benchmark": "gsm8k",
    "test_benchmark": "math",
    "n_total": 200,
    "n_cal": 60,
    "n_eval": 140,
    "auroc_raw": 0.8323303589956422,
    "brier_raw": 0.3112243544186959,
    "ece_raw": 0.25621772065188797,
    "auroc_platt": 0.8323303589956422,
    "brier_platt": 0.1644485853262945,
    "ece_platt": 0.0261044265962203
  },
  "gsm8k\u2192humaneval": {
    "status": "completed",
    "train_benchmark": "gsm8k",
    "test_benchmark": "humaneval",
    "n_total": 164,
    "n_cal": 49,
    "n_eval": 115,
    "auroc_raw": 0.6497975708502024,
    "brier_raw": 0.4566706359499329,
    "ece_raw": 0.48233696475419613,
    "auroc_platt": 0.6497975708502024,
    "brier_platt": 0.2045554843137671,
    "ece_platt": 0.041058220185376575
  },
  "gsm8k\u2192arc_challenge": {
    "status": "completed",
    "train_benchmark": "gsm8k",
    "test_benchmark": "arc_challenge",
    "n_total": 200,
    "n_cal": 60,
    "n_eval": 140,
    "auroc_raw": 0.41974560872198663,
    "brier_raw": 0.09140087156554552,
    "ece_raw": 0.08463554814310448,
    "auroc_platt": 0.41974560872198663,
    "brier_platt": 0.0848027028437078,
    "ece_platt": 0.023791764782765346
  },
  "gsm8k\u2192triviaqa": {
    "status": "completed",
    "train_benchmark": "gsm8k",
    "test_benchmark": "triviaqa",
    "n_total": 200,
    "n_cal": 60,
    "n_eval": 140,
    "auroc_raw": 0.48577777777777775,
    "brier_raw": 0.4458943284593486,
    "ece_raw": 0.4650724937520973,
    "auroc_platt": 0.5142222222222222,
    "brier_platt": 0.23312140678081852,
    "ece_platt": 0.05943179400021098
  },
  "math\u2192mmlu": {
    "status": "completed",
    "train_benchmark": "math",
    "test_benchmark": "mmlu",
    "n_total": 200,
    "n_cal": 60,
    "n_eval": 140,
    "auroc_raw": 0.5474321596770576,
    "brier_raw": 0.29500762487456383,
    "ece_raw": 0.2548700643980081,
    "auroc_platt": 0.5474321596770576,
    "brier_platt": 0.2298798283722531,
    "ece_platt": 0.05122220996674425
  },
  "math\u2192gsm8k": {
    "status": "completed",
    "train_benchmark": "math",
    "test_benchmark": "gsm8k",
    "n_total": 200,
    "n_cal": 60,
    "n_eval": 140,
    "auroc_raw": 0.5947611710323576,
    "brier_raw": 0.3977435398361184,
    "ece_raw": 0.45777130194353627,
    "auroc_platt": 0.5947611710323576,
    "brier_platt": 0.1375179727225113,
    "ece_platt": 0.09966476882279549
  },
  "math\u2192math": {
    "status": "completed",
    "train_benchmark": "math",
    "test_benchmark": "math",
    "n_total": 200,
    "n_cal": 60,
    "n_eval": 140,
    "auroc_raw": 0.9485370408798506,
    "brier_raw": 0.08259141415411003,
    "ece_raw": 0.05497040171839516,
    "auroc_platt": 0.9485370408798506,
    "brier_platt": 0.0862445592199569,
    "ece_platt": 0.06112359191607653
  },
  "math\u2192humaneval": {
    "status": "completed",
    "train_benchmark": "math",
    "test_benchmark": "humaneval",
    "n_total": 164,
    "n_cal": 49,
    "n_eval": 115,
    "auroc_raw": 0.4908906882591093,
    "brier_raw": 0.4319330195082813,
    "ece_raw": 0.448557120595459,
    "auroc_platt": 0.4908906882591093,
    "brier_platt": 0.22628778991855092,
    "ece_platt": 0.06651273798072305
  },
  "math\u2192arc_challenge": {
    "status": "completed",
    "train_benchmark": "math",
    "test_benchmark": "arc_challenge",
    "n_total": 200,
    "n_cal": 60,
    "n_eval": 140,
    "auroc_raw": 0.4766807995154452,
    "brier_raw": 0.09405193519179597,
    "ece_raw": 0.0926566928331003,
    "auroc_platt": 0.5233192004845548,
    "brier_platt": 0.08667033732677222,
    "ece_platt": 0.029792414208869238
  },
  "math\u2192triviaqa": {
    "status": "completed",
    "train_benchmark": "math",
    "test_benchmark": "triviaqa",
    "n_total": 200,
    "n_cal": 60,
    "n_eval": 140,
    "auroc_raw": 0.7057777777777778,
    "brier_raw": 0.3419430796836048,
    "ece_raw": 0.3416709203009719,
    "auroc_platt": 0.2942222222222223,
    "brier_platt": 0.28942222504906734,
    "ece_platt": 0.23712069302155797
  },
  "humaneval\u2192mmlu": {
    "status": "completed",
    "train_benchmark": "humaneval",
    "test_benchmark": "mmlu",
    "n_total": 200,
    "n_cal": 60,
    "n_eval": 140,
    "auroc_raw": 0.5837631755999103,
    "brier_raw": 0.27387059358435756,
    "ece_raw": 0.2179848350778023,
    "auroc_platt": 0.5837631755999103,
    "brier_platt": 0.2294823007010146,
    "ece_platt": 0.07226300677198355
  },
  "humaneval\u2192gsm8k": {
    "status": "completed",
    "train_benchmark": "humaneval",
    "test_benchmark": "gsm8k",
    "n_total": 200,
    "n_cal": 60,
    "n_eval": 140,
    "auroc_raw": 0.5878274268104776,
    "brier_raw": 0.74984726293698,
    "ece_raw": 0.7861452191063566,
    "auroc_platt": 0.41217257318952233,